Puneet Ag√°ta,2,danneng@comcast.net
Nare Kweku,2,mfburgo@icloud.com
Dejan Tanisha,2,stellaau@mac.com
Roshan Yosif,2,tokuhirom@optonline.net
Landebert Boris,2,dalamb@yahoo.ca
Aamadu Minnie,1,maratb@comcast.net
Rikesh Chase,1,sherzodr@msn.com
Greta Lindsey,2,telbij@sbcglobal.net
Lenny Chandler,2,yenya@gmail.com
Ellouise Forster,1,stinson@att.net
Amalia Wilks,2,tbeck@yahoo.ca
Skye Wells,1,sokol@msn.com
Zohaib Mercer,2,mschwartz@optonline.net
Elsie-Mae Crawford,2,psharpe@verizon.net
Andre Rogers,2,cvrcek@verizon.net
Fatimah Kirby,2,malin@live.com
Libby Quintana,2,quantaman@sbcglobal.net
Louise Zimmerman,2,aaribaud@comcast.net
Sioned Brown,1,simone@gmail.com
Lili Rodrigues,2,sassen@outlook.com
Timur Wolfe,2,fluffy@msn.com
Bea Koch,2,crowl@aol.com
Edwin Rayner,2,yenya@att.net
Kierran Bridges,2,presoff@icloud.com
Tobi Robbins,2,wildfire@outlook.com
Precious Horton,1,satch@optonline.net
Reagan Kendall,2,stevelim@outlook.com
Iris Sykes,2,neonatus@hotmail.com
Ahmet Bates,2,crusader@mac.com